<?xml version="1.0" encoding="UTF-8"?>
<project-private xmlns="http://www.netbeans.org/ns/project-private/1">
    <editor-bookmarks xmlns="http://www.netbeans.org/ns/editor-bookmarks/2" lastBookmarkId="0"/>
    <open-files xmlns="http://www.netbeans.org/ns/projectui-open-files/2">
        <group>
            <file>file:/D:/VC%20-%20BCAD'24/PROG5121/PROG6112%20-%20A1/src/Application.java</file>
            <file>file:/D:/VC%20-%20BCAD'24/PROG5121/PROG6112%20-%20A1/src/Student.java</file>
            <file>file:/D:/VC%20-%20BCAD'24/PROG5121/PROG6112%20-%20A1/src/StudentManager1.java</file>
        </group>
    </open-files>
</project-private>
